Date,Volume,Open,Close,High,Low,CCI,MTR,DMP,DMM,PDI,MDI,ADX,ADXR
9/17/24,950014,268.09,266.89,270.25,266.49,168.36846674201087,93.79000000000002,33.94999999999999,11.349999999999937,36.19788890073567,12.10150335856694,44.67016870257348,49.47644053618946
9/18/24,1155962,267.97,264.21,267.97,263.57,126.41844872250732,93.78000000000006,33.94999999999999,11.339999999999975,36.20174877372571,12.09213051823413,46.32892065,47.145311592505905
9/19/24,1911477,270.25,269.76,272.34,267.79,172.67674873974042,94.71000000000006,33.47999999999996,11.339999999999975,35.350015837820656,11.973392461197305,47.710090731042044,45.414202796888404
9/20/24,2551359,270.58,267.29,272.72,266.5,141.5871894501343,83.28000000000006,19.619999999999948,12.629999999999995,23.559077809798193,15.165706051873183,44.00102232424326,41.99405096058175
9/23/24,2070572,269.23,268.46,269.38,266.92,120.43939941745934,74.74000000000004,19.619999999999948,11.430000000000007,26.25100347872617,15.293015788065295,40.78188045906338,41.07428837383182
9/24/24,870049,267.94,269.65,270.12,266.62,115.24579517693842,74.19000000000003,20.359999999999957,9.970000000000027,27.443051624208046,13.438468796333769,38.58627953937327,40.62813188168122
9/25/24,1174516,268.95,268,270.74,267.57,103.85997544010743,70.20000000000007,20.97999999999996,4.460000000000036,29.886039886039804,6.3532763532763985,41.09419323840272,42.88218097048809
9/26/24,1108009,271.13,273.36,273.49,269.73,129.74789450354618,70.3,23.72999999999996,4.210000000000036,33.75533428164997,5.988620199146559,44.41773890942731,45.37332978
9/27/24,614886,273.36,271.9,274.5,271,120.64413876050064,68.12000000000009,23.68999999999994,4.210000000000036,34.77686436,6.180270111567867,47.821605270930625,47.76584800098634
9/30/24,1109835,274.84,275.48,275.85,272.06,130.54317558370136,66.45,23.239999999999952,4.210000000000036,34.973664409330205,6.335590669676494,55.76354339662777,49.88228286043551
10/1/24,1043974,274.61,267.47,275,266.55,73.31224291690268,67.65000000000009,21.41999999999996,9.720000000000027,31.662971175166195,14.368070953436828,57.629450520137304,49.20566548960034
10/2/24,827262,267.92,270.17,271.99,267.44,70.03477092570293,68.18000000000012,20.45999999999998,9.720000000000027,30.00880023467284,14.256380170137884,57.85111208826018,48.21869581381672
10/3/24,740033,267.55,268.59,270.57,267.55,55.52670537915405,66.12000000000012,16.539999999999964,9.720000000000027,25.01512402,14.700544464609814,51.35677070927468,46.22548197
10/4/24,846556,272.86,271.16,273.85,267.49,72.37944746235503,67.44000000000011,15.370000000000005,9.720000000000027,22.79062870699878,14.412811387900373,43.46592697,43.94183294
10/7/24,757318,268.32,267.23,270.24,266.02,35.03092778705049,68.82000000000016,14.120000000000005,11.190000000000055,20.51729148503338,16.259808195292106,33.75853754872579,40.79007140982821
10/8/24,1412998,268.19,275.08,276.26,267.51,88.68667705580759,73.45,20.139999999999986,8.270000000000039,27.420013614703823,11.259360108917669,29.16770682325072,42.465625109939246
10/9/24,782074,274.93,276.88,277.66,274.08,117.80060629292531,68.90000000000015,17.170000000000073,8.270000000000039,24.920174165457237,12.002902757619768,28.73637722230069,43.18291387
10/10/24,849171,275,277.71,277.91,275,121.02443853889906,65.59000000000015,17.420000000000073,6.980000000000018,26.558926665650304,10.641866138130817,29.93644457773099,43.89377833299559
10/11/24,1332319,277.49,281.67,282.54,277.48,164.9049144,68.19000000000017,22.050000000000068,6.980000000000018,32.33611966564014,10.236105000733247,34.25990403091289,42.80833737009378
10/14/24,1264083,283.15,285.31,286.43,281.25,209.93063543518392,69.87000000000018,25.200000000000045,6.980000000000018,36.06698153714038,9.989981394017462,39.94325172728964,41.70458934927497
10/15/24,1602388,285.31,286.48,287.96,285.29,215.3352100604973,69.37000000000012,26.110000000000014,6.980000000000018,37.638748738647784,10.061986449473846,47.64918102857348,40.70385928864964
10/16/24,1364344,288.18,289.19,289.36,284.9,201.19640692296363,68.34000000000015,24.760000000000048,6.980000000000018,36.230611647644125,10.213637693883529,50.02194441961569,39.59482562143321
10/17/24,1808725,290.44,290.57,292.88,289.13,205.63820322245067,68.59000000000015,27.27000000000004,6.980000000000018,39.75798221315058,10.176410555474565,54.06471095009053,41.40054408619561
10/18/24,1511702,290.57,292.99,294.13,290,188.8920564829194,68.77,27.170000000000016,6.980000000000018,39.50850661625706,10.149774611022261,56.787150524773075,43.36179755125203
10/21/24,1254454,291.36,289.78,293.75,288.8,149.74528842161303,64.79000000000008,27.170000000000016,2.670000000000016,41.93548387096772,4.121006328137078,61.81927423766198,48.03958913428744
10/22/24,1012736,287.54,288.48,290.53,286.25,113.08981305711129,64.52000000000004,27.170000000000016,5.220000000000027,42.110973341599504,8.090514569,63.6774095,51.81033061192687
10/23/24,1209119,287.12,286.3,287.59,283.93,82.18605103875161,66.05000000000007,27.170000000000016,7.5400000000000205,41.13550341,11.41559424678276,63.46778938208797,55.558485205330726
10/24/24,1238311,288.55,285.77,289.17,285.51,81.24834780486835,63.35000000000008,25.470000000000027,7.5400000000000205,40.20520915548539,11.902131018153135,63.18432776915583,56.60313609438576
10/25/24,973419,287.72,286.04,289,285.04,73.02764914897797,62.170000000000016,25.470000000000027,6.539999999999964,40.968312691008556,10.519543188032753,63.16714335826237,58.61592715417645
10/28/24,1016697,286.34,286.52,288.64,286.34,70.59927498296138,55.74000000000001,19.450000000000045,6.539999999999964,34.89415141729466,11.73304628632932,61.59238143177158,59.18976597827233
10/29/24,886987,286.32,289.66,290.2,284.49,72.51735578965564,57.86999999999995,18.05000000000001,8.39,31.190599619837617,14.49801278728173,53.99754719058755,57.90841071412476
10/30/24,751563,288.18,288.82,291.21,287.93,76.88556411859683,58.239999999999895,18.810000000000002,8.39,32.29739010989017,14.405906593406499,49.08771284931792,56.38256117294101
10/31/24,1488039,287.8,283.8,288.47,283.42,38.37457477537402,58.57999999999987,14.180000000000007,12.89999999999992,24.206213724820824,22.021167634004694,40.44978426300509,51.95878682254653
11/1/24,1047852,282.83,286.57,289.26,281.61,40.104933021953975,61.04999999999984,10.29000000000002,14.709999999999923,16.855036855036932,24.095004095004033,34.343638650564365,48.76398321
11/4/24,896358,287.19,287.62,289.76,285.32,52.544538853814856,62.81999999999988,9.260000000000048,14.709999999999923,14.74052849411026,23.416109519261305,28.276802788752708,45.72197307350754
11/5/24,1009401,288.84,291.79,293.06,287,77.09884467,64.41999999999985,11.160000000000025,14.709999999999923,17.323812480596168,22.834523439925423,22.28505401,41.93871771951414
11/6/24,2258401,299,302.33,305.49,297.91,180.10184802503434,74.36999999999983,20.07000000000005,14.709999999999923,26.986688180718158,19.779480973510765,18.764321281096993,36.38093423584227
11/7/24,1057217,302.95,305.51,306.23,301.05,199.2849395412364,75.41999999999985,19.56000000000006,14.709999999999923,25.934765314240387,19.504110315566102,14.738237328402993,31.912975088860456
11/8/24,968605,306.26,305.56,307.17,305.02,210.42649342554256,72.61999999999989,20.500000000000057,13.509999999999934,28.22913797851843,18.60369044340396,17.375911161120257,28.912847712062675
11/11/24,1557009,305.46,313.89,314.7,304.64,236.5357432,78.39999999999992,28.03000000000003,10.959999999999923,35.752551020408234,13.97959183673461,21.72598724900615,28.034812949785255
11/12/24,1748774,311.22,309.73,314.01,304.75,191.19968171134605,83.11,28.03000000000003,8.64,33.72638671640003,10.395860907231308,26.749363399776815,27.51308309426476
11/13/24,1273488,308.63,313.14,315.73,307.91,184.85540909884358,87.26999999999987,28.170000000000016,8.64,32.27913372292891,9.900309384668205,33.30499277856858,27.79502339291264
11/14/24,1545643,310.23,306.65,312.88,305.98,130.94082521302573,90.46999999999986,28.170000000000016,10.099999999999966,31.137393611141885,11.163921742013907,38.605990366452694,28.685155823774842
11/15/24,2300222,305.06,299.15,305.08,297.12,57.20607856304468,97.39999999999986,28.170000000000016,18.95999999999998,28.921971252566795,19.466119096509246,39.504219262419944,27.12122829541147
11/18/24,920116,299.36,302.05,303.01,297,52.685197741197754,97.69999999999987,28.170000000000016,17.230000000000018,28.83316274309115,17.635619242579367,40.094908879924624,28.73541002052244
11/19/24,1348276,298.13,305.2,306.4,298.02,66.15221503070899,102.7999999999999,30.55000000000001,17.230000000000018,29.717898832684863,16.760700389105093,37.44446164651067,29.585224447758407
11/20/24,1442321,305.93,307.84,308.38,303.15,83.58125368667228,102.62999999999994,32.53000000000003,12.720000000000027,31.696385072590907,12.394036831335901,35.92812737052063,31.33874538514872
11/21/24,1602211,310,315.41,317.45,308.25,125.26599546485294,104.58999999999997,41.60000000000002,10.910000000000025,39.77435701309879,10.431207572425688,36.82642329800874,35.06570803828866
11/22/24,1905591,315.96,321.27,321.9,315.04,148.47272647259453,107.00999999999993,45.55000000000001,10.910000000000025,42.566115316325615,10.19530884964025,39.182428135028935,38.894209250740815
11/25/24,2967370,324.53,319.39,326.62,318.69,146.26496302475968,108.87999999999994,46.97000000000003,10.910000000000025,43.13923586,10.020205731080116,46.30903144710475,42.90662535476235
11/26/24,2519923,320.79,317.96,320.99,316.54,116.45018385468614,99.62999999999994,34.54000000000002,13.060000000000002,34.66827260865205,13.108501455384934,49.813887133872846,44.954398006898735
11/27/24,3442326,293.2,290.64,301.47,289.65,-40.2431695,122.75999999999993,33.80000000000001,39.950000000000045,27.533398501140457,32.54317367220599,46.557422121208894,42.00094188385978
11/29/24,1317760,289.03,291.9,292.62,289.03,-60.5005058,124.19999999999993,32.860000000000014,40.57000000000005,26.457326892109528,32.66505636070859,41.01088715436836,38.469507262444495
12/2/24,2073018,291.74,296.65,297.94,291.44,-36.57634499,120.63999999999993,30.650000000000034,40.57000000000005,25.406167108753362,33.62897877984091,33.591330727313554,35.20887701266115
12/3/24,1944513,294.14,298.96,301.59,293.5,-22.30824491,119.46999999999991,34.30000000000001,40.57000000000005,28.710136435925364,33.95831589520388,24.76155497,31.971991551281267
12/4/24,1528707,302.72,304.23,304.97,299.89,9.650951399,117.65999999999997,35.960000000000036,40.57000000000005,30.56263810980796,34.48070712221661,15.381966377880099,30.845498912492424
12/5/24,1378778,302.53,305.17,307.25,301.32,17.52025425376738,116.43,38.24000000000001,38.64000000000004,32.84376878811304,33.18732285493433,7.947673201712653,28.88078016779275
12/6/24,1377635,305.92,307.71,309.43,305.56,37.59111583379677,111.16000000000003,40.420000000000016,29.78000000000003,36.362000719683344,26.790212306585122,9.083958552687255,27.820690336948076
12/9/24,1599948,308,308.55,311.51,305.72,41.56070120006694,110.94,42.5,29.660000000000025,38.30899585361457,26.735172165134333,10.299624527764038,25.65525584
12/10/24,1110152,306.16,303.99,307.8,303.63,4.108518191,107.48000000000002,39.110000000000014,31.750000000000057,36.388165240044664,29.540379605508047,9.709292233615267,21.65031148046441
12/11/24,1261847,305.37,307.46,310.9,304.76,24.107744107744228,109.15999999999997,40.22999999999996,31.750000000000057,36.85415903261266,29.08574569439361,10.277047977667486,17.519301472600542
12/12/24,998087,305.42,309.34,310.29,304.49,22.275269508266174,105.34999999999997,31.159999999999968,32.02000000000004,29.577598481252945,30.393925011865257,9.499949432083106,12.440957904981602
12/13/24,1131021,308.13,303.77,308.36,302.95,-15.45318071,104.88,26.70999999999998,33.56000000000006,25.467200610221187,31.99847444698709,11.307487841303141,9.627580521507896
12/16/24,1186216,303.93,304.89,307.14,302.37,-18.53970945,101.71999999999997,21.989999999999952,34.14000000000004,21.61816751867869,33.56272119543851,12.389068400881238,10.736513476784246
12/17/24,1781589,302.63,302.82,303.4,299.47,-50.75287527,102.68999999999994,21.989999999999952,34.89000000000004,21.413964358749602,33.976044405492324,13.203323954253838,11.751474241008939
12/18/24,1845067,303.71,292.83,304.07,291.47,-109.6512824,86.98,21.989999999999952,16,25.281673948034005,18.39503334099795,14.10009549,11.904693863065184
12/19/24,1381222,293.65,293.63,297.82,290.94,-121.4081541,90.26999999999987,21.989999999999952,15.910000000000025,24.36025258,17.624903068572117,14.81028983703031,12.543668907348899
12/20/24,4191162,290.7,298.12,299.74,288.54,-97.77729279,94.96999999999986,16.66999999999996,18.310000000000002,17.552911445719683,19.279772559755745,15.36482369,12.432386561020003
12/23/24,876162,297.99,297.49,298.45,294.36,-76.82318648,90.96999999999986,13.019999999999982,18.310000000000002,14.31241068484116,20.127514565241324,16.28469921621986,13.79609353
12/24/24,560019,297.55,301.23,301.23,296.68,-44.56225032,89.50999999999982,12.419999999999959,18.310000000000002,13.875544631884688,20.455814992738286,15.87149243815149,14.130280419516364
12/26/24,646806,299.43,300.28,301.73,299.43,-36.20719255,85.87999999999982,10.639999999999986,18.310000000000002,12.38938053097346,21.320447135538007,16.50726413823091,14.855294046242374