Date,Volume,Open,Close,High,Low
12/20/19,2396777,185.75,182.84,185.75,182.62
12/23/19,903572,183.18,182.92,183.83,181.73
12/24/19,256197,183.2,183.91,184,182.82
12/26/19,634410,184.4,184.24,185.31,183.68
12/27/19,645182,185.3,185.38,185.64,183.7
12/30/19,999254,184.63,183.3,185.5,182.01
12/31/19,760339,183.05,183.46,184.32,182.31
1/2/20,1515128,184.21,187.83,187.89,181.88
1/3/20,737862,184.49,184.95,186.41,183.78
1/6/20,1021917,183.78,187.12,187.25,183.16
1/7/20,897889,186.13,187.5,188.17,185.1
1/8/20,1314830,188.22,189.95,190.5,187.03
1/9/20,1164494,191.71,191.94,192.7,190.68
1/10/20,708850,193.16,192.36,193.42,191.84
1/13/20,1454238,190,192.45,193.37,190
1/14/20,1146459,192.25,191.11,193.13,190.63
1/15/20,1444325,190.94,190.79,192.17,190.01
1/16/20,2196018,192.51,192.5,193.12,191.5
1/17/20,2384909,192.38,193.35,194.24,191.31
1/21/20,1455400,194.01,195.84,197.55,193.7
1/22/20,1068602,197.47,194.73,198.72,194.62
1/23/20,1687276,195.39,198.6,198.91,193.76
1/24/20,2437185,199.43,199.19,200.9,197.91
1/27/20,1837765,195.77,195.87,197.15,192.96
1/28/20,1270143,196.26,200.03,200.43,195.68
1/29/20,838460,200.92,199.74,201.57,198.86
1/30/20,1521004,198.42,198.99,200.84,196.98
1/31/20,1616556,198.77,196.85,199.32,193.31
2/3/20,888698,197.86,199.26,199.94,197.78
2/4/20,1093377,202,203.94,204.19,200.51
2/5/20,1366488,206.72,202.08,207.19,200.79
2/6/20,1326371,203.62,206,206.92,202.46
2/7/20,1410217,205.58,207.01,210.13,204.64
2/10/20,1556983,207.24,206.1,207.76,205.34
2/11/20,1289730,207.35,205.8,207.99,204.52
2/12/20,1177216,206.76,207.11,207.72,205.45
2/13/20,897453,206.34,207.51,208.47,206.34
2/14/20,996939,208.09,208.95,209.2,207.24
2/18/20,1342962,209.47,207.06,209.82,206.9
2/19/20,1569936,209.33,210.76,211.18,208.64
2/20/20,1527322,210.44,206.67,211.58,205.07
2/21/20,1774916,205,201.91,206.27,199.85
2/24/20,2104856,195.56,194.37,197.29,192.43
2/25/20,2282521,196.47,186.73,197.42,185.74
2/26/20,2850215,188.59,190.67,194.15,187.66
2/27/20,2688333,184.24,180.65,188.49,180.07
2/28/20,4340064,176.57,190.88,191.36,175.05
3/2/20,2698908,190.67,190.83,191.97,183.27
3/3/20,2756240,187.85,180.55,190,177.82
3/4/20,2242924,183.9,191.42,191.68,182.13
3/5/20,2328656,185.47,184.04,192.73,182.83
3/6/20,3272212,177.83,173.42,179.68,168.55
3/9/20,3108606,157.82,160.05,164.81,156.71
3/10/20,3439444,165.6,164.48,166.5,157.1
3/11/20,2789599,159.55,154.4,161.75,152.36
3/12/20,5014108,143.79,136,148.5,135.7
3/13/20,3998375,146,158.03,158.17,138.45
3/16/20,4101260,140.99,148.08,153.49,135.24
3/17/20,4110652,149.69,154.92,157.95,140.05
3/18/20,4762375,145.22,141.82,154.38,125.38
3/19/20,3749324,141.45,149.23,152.27,134.98
3/20/20,4515807,151.46,148.02,156.06,145.38
3/23/20,3309178,147.81,144.14,151.84,138.1
3/24/20,2691644,151.25,149.96,153.4,141.43
3/25/20,2497272,149.4,149.99,154.97,142.32
3/26/20,2753388,150.85,160.88,163.15,150.65
3/27/20,2929303,155.83,141.57,156.62,140.32
3/30/20,3378468,142.74,155.91,157.18,141.29
3/31/20,3679702,154,156.1,158.91,152.83
4/1/20,3185117,147.53,139.22,150.47,137.86
4/2/20,2729652,136.97,137.05,142.14,135.52
4/3/20,2214656,136.89,139,141.54,136.28
4/6/20,2732670,146.12,152.32,153.52,144.61
4/7/20,2098172,157.73,148.7,157.8,147.27
4/8/20,3142061,150.79,159.21,161.78,149.46
4/9/20,3705174,160.71,164.9,170.81,160.17
4/13/20,1896505,162.37,160.92,163.99,156.91
4/14/20,1918063,165.17,172.22,174.76,164
4/15/20,2014700,168.57,169.14,172.54,167.44
4/16/20,1847485,171.46,171,173.49,168.12
4/17/20,2357706,176.08,180.94,182,173.97
4/20/20,1191987,178.19,177.87,181.52,176.44
4/21/20,2331901,175.96,170.02,177.16,166.86
4/22/20,1013487,176.05,175.37,177.33,173.36
4/23/20,1582439,172.99,175.55,178.98,172.22
4/24/20,1151076,177.26,180.35,180.97,174.19
4/27/20,1684183,182.24,182.51,186.56,182.24
4/28/20,1829452,185.53,177.31,185.79,176.27
4/29/20,1559298,180.61,187.9,189.86,180
4/30/20,1941415,187,187.13,189.55,185.14
5/1/20,2061724,179.22,174.9,181.54,172.22
5/4/20,1153457,174.78,177.8,179.33,173.13
5/5/20,972833,179.57,180.49,184.87,179.28
5/6/20,1011883,182.23,181.23,185.08,179.66
5/7/20,1632447,182.93,184,186.46,180.81
5/8/20,1005491,186,184.29,187.16,183.25
5/11/20,1112115,183.14,184.4,186.14,182.92
5/12/20,1097398,184.37,180.97,187.12,180.97
5/13/20,1164858,180.6,176.86,182.68,173.83
5/14/20,1222797,174.53,177.87,177.98,170.57
5/15/20,1077856,176.49,180.72,181.13,175.44
5/18/20,1437177,183.84,190.1,190.81,183.04
5/19/20,1519154,190.13,194.71,198.9,190.13
5/20/20,1028971,197.97,196.64,199.59,194.32
5/21/20,1261075,196.08,194.75,197.58,193.65
5/22/20,1534589,194.03,195.78,196.9,192.51
5/26/20,1662644,199.32,199.53,203.83,198.62
5/27/20,2192991,198.65,199.81,199.82,192.51
5/28/20,3709293,196.38,202.63,208.3,194.6
5/29/20,2750750,203.6,210.38,210.71,200.34
6/1/20,2746022,210,219.29,221.51,209.06
6/2/20,2479929,218.93,219.09,221,212.11
6/3/20,2025133,220.75,226.39,227.39,219.17
6/4/20,2177537,225,225.2,227.37,223.29
6/5/20,1956278,224.67,233.71,234.54,223
6/8/20,2273377,231.14,233.51,236.47,230.46
6/9/20,1916273,232.49,234.15,237.8,231.45
6/10/20,1810693,235.59,236.59,240.25,233.46
6/11/20,2798454,233,219.1,233.47,218.95
6/12/20,1865112,227.95,222.96,228.13,218.95
6/15/20,1522421,218.96,229,229.75,218.76
6/16/20,2385790,234.95,240.93,241.77,234
6/17/20,1127113,242.29,237.04,243.76,236.42
6/18/20,1181220,237.95,238.07,239.2,236.05
6/19/20,2023843,242.11,237.82,242.98,235.49
6/22/20,1203830,236,240.88,241.13,236
6/23/20,1461835,242.91,241.62,247.14,241.46
6/24/20,1863968,240.29,233.44,242.67,231.44
6/25/20,1782536,233.5,234.47,234.81,228.37
6/26/20,1510209,234.93,232.74,236.71,230.66
6/29/20,930460,232.53,232.17,233.93,227.76
6/30/20,1602535,232.95,239.19,239.95,231.2
7/1/20,1275289,239.94,241.22,242.67,237.8
7/2/20,1158173,242.51,240.15,244.4,239.18
7/6/20,1092704,243.32,244.36,248.35,243.07
7/7/20,993651,243.12,238.94,245.6,238.8
7/8/20,960268,241.64,243.9,244,239.42
7/9/20,1594049,250.3,248.2,251.39,242.07
7/10/20,1142858,248.22,244.24,248.89,243
7/13/20,2030573,246.17,231.86,246.73,231.26
7/14/20,2459437,228.86,234.6,234.68,226.55
7/15/20,1112348,236,235.58,237.16,231.5
7/16/20,1029230,233.86,234.03,235.39,229.25
7/17/20,1102440,235.8,237.7,238.06,232.67
7/20/20,1050325,239.05,246.04,246.96,237.43
7/21/20,987843,246.64,239.69,247.3,237.34
7/22/20,515059,241.4,240.74,243.91,239.06
7/23/20,1177010,241.29,237.34,245.16,235.73
7/24/20,1007657,234.14,232.88,236.03,230.24
7/27/20,731198,234.96,239.69,239.97,233.31
7/28/20,623883,238.53,234.58,240.6,234.14
7/29/20,502969,236.58,238.61,240.12,236.58
7/30/20,713189,235.29,236.1,237.65,231.42
7/31/20,1144187,238.36,236.43,238.36,231.5
8/3/20,1269286,239.42,239.48,240.46,235.84
8/4/20,964018,239.29,239.9,241.87,236.73
8/5/20,1292900,240.07,243.2,246.36,235.24
8/6/20,735942,243.64,243.57,244.5,239.24
8/7/20,1042919,242.47,236.24,242.47,233.2
8/10/20,1307834,236.4,231.88,236.93,227.52
8/11/20,927506,231.17,228.79,232.79,227.55
8/12/20,905060,229.3,231.57,233.87,229.3
8/13/20,1200754,232.88,238.19,243.25,232.57
8/14/20,786242,237.92,234.35,239.63,233.46
8/17/20,919809,236.3,239,239.35,235.65
8/18/20,1482465,241.94,242.69,246.33,240.26
8/19/20,1250652,244.4,241.42,244.98,239.17
8/20/20,1080607,240.44,249.15,250.62,239.45
8/21/20,1088357,249.33,248.27,249.93,245.27
8/24/20,1227466,250.1,251.8,253.47,249.66
8/25/20,1555125,249.02,252.24,254.35,246.4
8/26/20,3075999,246.66,248.21,253.26,237.19
8/27/20,1137941,250.19,243.11,250.19,241.74
8/28/20,999064,244.85,247.39,250.5,244.85
8/31/20,1210857,246.33,245.7,247.98,242.55
9/1/20,1413483,247.99,253.51,253.7,244.67
9/2/20,2374057,255.48,261.35,261.94,254.15
9/3/20,2497741,256.81,242.09,256.81,239.23
9/4/20,2704646,240.53,233.88,244.44,228.18
9/8/20,1845665,224.16,224.36,230.19,223.92
9/9/20,2018469,227.61,232.78,234.98,225.59
9/10/20,2128563,234,228.2,239.01,226.95
9/11/20,992236,228.18,227.48,231.34,223.27
9/14/20,1276790,231.03,229.83,232.9,228.23
9/15/20,1969945,231.48,235.87,240.05,231.09
9/16/20,1092756,236.41,230.76,237.59,230.33
9/17/20,1884476,225.5,226.97,227.51,220.43
9/18/20,2034103,228.32,225.13,229.34,219.89
9/21/20,1205468,220.8,227.64,227.76,218.51
9/22/20,841113,229.41,229.56,230.08,225.72
9/23/20,901998,228.6,221.87,230.33,221.05
9/24/20,1147889,219.49,220.96,223.9,215.83
9/25/20,1054915,221.18,227.8,228.97,219.92
9/28/20,995935,232.5,232.15,234.34,229.1
9/29/20,956962,232.51,232.92,234.38,230.57
9/30/20,1466075,232.29,231.01,236.71,228.95
10/1/20,1438777,232.76,233.96,238.61,232.75
10/2/20,1253379,228.77,225.56,231.14,223.51
10/5/20,915907,226.86,228.93,230.13,225.04
10/6/20,979948,228.32,228.01,231.57,226.5
10/7/20,1039264,229.31,233.01,234.21,229.31
10/8/20,1382130,237.23,234.31,238,232.26
10/9/20,1794439,234.38,237.5,238.14,233.32
10/12/20,1987984,243.46,242.12,246.12,239.92
10/13/20,1374509,242.75,244.09,247.87,242.39
10/14/20,1414684,246.88,246.7,250.74,244.53
10/15/20,2638403,244,252.03,253.96,242.12
10/16/20,2289563,253.21,259.97,261.45,253.17
10/19/20,2330722,262.67,259.94,268.44,258.59
10/20/20,1715609,261.41,257.34,262.58,257.17
10/21/20,872881,257.39,254.01,259.69,253.1
10/22/20,1033457,254.52,252.76,255.64,247.02
10/23/20,640713,253.27,254.42,254.65,249.9
10/26/20,1256976,251.59,249.13,254.65,246.4
10/27/20,1008937,251.01,250.6,253.87,250.27
10/28/20,1357415,246.21,237.62,246.38,236.7
10/29/20,1043041,238.33,242.84,245.72,238.11
10/30/20,1514698,240.13,235.54,241.5,233.32
11/2/20,1728616,237.2,240.74,242.57,236.21
11/3/20,1045611,244.38,248.31,250.46,241.84
11/4/20,2779453,257.41,245.89,257.83,241.46
11/5/20,1467612,254.26,255.92,260.5,252.35
11/6/20,819095,255.38,259.41,261.6,253.25
11/9/20,2361909,274.24,262.61,276.68,262.26
11/10/20,1615260,259.38,247.22,259.98,245.88
11/11/20,2067971,252.84,246.79,257.41,244.3
11/12/20,1005153,247.98,245.71,253.03,244.69
11/13/20,1518678,254.4,251,256.91,248.63
11/16/20,1087696,249.37,248.79,251.56,246.86
11/17/20,1015462,249.24,252.71,253.67,247.62
11/18/20,908635,252.39,252.22,255.13,250.53
11/19/20,1077781,250.24,256.88,259.66,250.24
11/20/20,1458524,256.73,254.89,260.6,254.09
11/23/20,1338283,255.57,257.25,257.95,251.6
11/24/20,1590924,257.72,258.97,260.89,256.6
11/25/20,3128324,260.99,271.24,282.49,260.01
11/27/20,886936,272.19,272.81,276.48,270.51
11/30/20,2612328,275,280.23,281.35,272.21
12/1/20,1753763,281.87,279.11,282,275.16
12/2/20,1426356,277.99,277.06,279.16,273.76
12/3/20,1841708,276,277.29,279.79,275.71
12/4/20,1688205,277.29,278,281.78,276.98
12/7/20,1422385,278.18,280.8,282.27,278
12/8/20,939027,281.69,284.38,286.24,280.31
12/9/20,1484500,288.97,279.42,289.45,278.07
12/10/20,1160357,278.14,281.16,282.18,274.24
12/11/20,1251164,280.25,279.68,280.49,275.38
12/14/20,1743931,281.57,288.33,293.48,280.05
12/15/20,997920,288.2,287.53,290.66,287.07
12/16/20,1054935,288.74,292.17,293.1,288.74
12/17/20,1108516,294.65,297.35,297.76,292.38
12/18/20,2766224,299.83,305,305.95,298.73
12/21/20,1421517,302.84,300.88,303.99,296.7
12/22/20,1302945,303.31,303.86,304.3,300
12/23/20,689730,305.65,300.18,307.22,300
12/24/20,323059,300.4,301.39,302.76,298.77
12/28/20,702708,304.25,299.65,305.44,298.02
12/29/20,672891,300,298.11,301.73,296.03
12/30/20,513673,300.25,299.41,301.51,297.94
12/31/20,941702,299,305.34,305.85,299
1/4/21,1407015,304.11,296.84,307.83,293.05
1/5/21,1636915,297.84,301.7,302.51,296.54
1/6/21,1557737,294.15,302.87,309.95,294.13
1/7/21,1527642,305.45,315.2,316.45,305.01
1/8/21,1196778,316.41,319.85,320.43,315.08
1/11/21,1232960,317.43,317.81,319.84,313.75
1/12/21,859508,320,320.13,320.94,317.11
1/13/21,1182030,320.75,314.33,321.13,313.07
1/14/21,1269716,314.08,311.11,316.11,310.06
1/15/21,1248598,311.74,308.51,316.35,308.03
1/19/21,1414107,314.83,310.97,315.47,310.25
1/20/21,1794524,311.52,308.58,315.26,307.42
1/21/21,2004285,309.24,306.46,309.96,305.34
1/22/21,2590522,303,299.17,306.5,296.51
1/25/21,2698053,301.76,293.64,302.49,289.52
1/26/21,2134214,294,291.75,295.94,291.32
1/27/21,2714719,285.32,273.47,285.32,272.7
1/28/21,1752663,277.16,284.22,289.4,276.7
1/29/21,1611181,281.68,277.43,283.63,274.63
2/1/21,1160107,280.41,286.32,287.73,279.33
2/2/21,1146225,288.62,294.61,296.77,288.62
2/3/21,856142,294.45,292.85,295.94,292.73
2/4/21,931030,294.36,300.49,300.67,291.72
2/5/21,1086201,302.99,305.86,307.86,301.88
2/8/21,945222,308.33,302.81,310.07,302.12
2/9/21,1399872,308.15,304.5,308.15,302.77
2/10/21,1195568,305.56,301.71,306.2,299.65
2/11/21,1612362,304.49,300.21,305.48,298.32
2/12/21,1529915,297.93,305.14,305.5,295.32
2/16/21,1571964,307.95,308.22,316.31,307.3
2/17/21,891045,306.1,302.52,307.19,296.44
2/18/21,1264681,299,300.72,301.78,292.86
2/19/21,1208190,301.74,305.4,310.05,301.11
2/22/21,954481,301.46,297.7,303.15,297.67
2/23/21,1487201,292.41,290.25,293.52,284.56
2/24/21,1397415,281.33,298.91,299.16,280.62
2/25/21,1489308,294.81,284.03,298.77,282.25
2/26/21,2529278,283.45,276,291.98,274.82
3/1/21,1831355,279.86,284.27,284.72,278.07
3/2/21,1267254,285.55,277.92,286.9,277.33
3/3/21,1409245,275.7,269.3,276.82,267.04
3/4/21,1812588,266.8,265.44,273.28,263.02
3/5/21,1835526,270.33,267.39,270.33,255.02
3/8/21,1623241,265.21,253.1,268.28,252.6
3/9/21,2708645,262.24,263.97,266.43,260.03
3/10/21,1420677,269.76,263.64,271.75,262.32
3/11/21,2029446,270.92,274.36,276,269.02
3/12/21,926091,270.07,268.11,272,264.4
3/15/21,865229,267.98,273.02,273.75,266.3
3/16/21,1041336,275.21,275.01,277.7,272.01
3/17/21,1092239,272.02,272.84,275.31,265.09
3/18/21,1356028,265.56,263.44,271,263.14
3/19/21,2320357,261.79,261.5,265.22,258.85
3/22/21,1863436,261.03,265.96,269.29,261.03
3/23/21,1313554,268.91,269,274.83,267.01
3/24/21,1191663,270,263.18,270.97,262.97
3/25/21,906194,262.21,262.19,263.34,257.32
3/26/21,1642223,261.35,269.01,269.22,260.88
3/29/21,1311186,266.97,270.78,273.1,265.5
3/30/21,904450,268.18,268.43,271.9,264.47
3/31/21,1666149,269.79,277.15,279.66,269.65
4/1/21,1509442,277.84,283.9,285.64,277.84
4/5/21,950902,285.74,288.32,289.42,284.29
4/6/21,898549,286.86,285.5,288.63,284.65
4/7/21,718673,286.83,286.12,287.59,283.24
4/8/21,1220409,290,293.43,297.76,288.65
4/9/21,1032737,292.56,297.57,297.9,290.38
4/12/21,1378616,294,294.5,296.25,293
4/13/21,1007856,295.34,295.35,298.66,293.12
4/14/21,881144,297.24,294.35,301.41,293.79
4/15/21,1103606,299.78,298.86,303.69,298.22
4/16/21,861303,300.18,300.16,301.36,296.58
4/19/21,939254,297.27,290.2,299.46,288.85
4/20/21,967453,288.16,286.36,289.05,282.82
4/21/21,893458,285.76,288.87,289.73,284.15
4/22/21,1721026,287.54,288,292.24,285.72
4/23/21,1073549,289.47,295.27,296.57,289.12
4/26/21,833414,294.67,299.34,300.76,294.4
4/27/21,812676,299.41,297.87,299.97,294.25
4/28/21,908357,298.07,299.23,299.56,296.18
4/29/21,906891,301.5,296.28,301.5,293.79
4/30/21,732176,294.55,291.91,295.47,290.5
5/3/21,644746,292.99,287.5,293.5,286.07
5/4/21,1052232,284.23,279.73,284.23,274.5
5/5/21,839435,280.21,281.08,282,277.68
5/6/21,1131132,280.49,284.35,284.72,277.79
5/7/21,799813,285.66,285.76,292.64,283.9
5/10/21,839223,285.89,276.05,286,275.88
5/11/21,933177,269,277.42,280.56,265.75
5/12/21,984157,271.95,269.54,275.09,267.34
5/13/21,1289758,270.94,269.72,273.7,267.22
5/14/21,1154548,272.52,277.63,278.82,270.16
5/17/21,755055,275,274.78,275.61,270.35
5/18/21,811972,276.35,272.75,276.98,272.56
5/19/21,821251,267.63,273.97,274.71,266.79
5/20/21,971222,275.21,281.16,282.97,275.21
5/21/21,996278,283.63,281.68,285,279.33
5/24/21,914096,285.29,287.48,288.52,283.83
5/25/21,1119897,288.28,289.47,291.48,287.06
5/26/21,1192521,288.72,292.51,293.49,288.09
5/27/21,2369823,290.25,286.67,291.17,284.8
5/28/21,1948492,287,285.86,291.5,282.15
6/1/21,1206067,287,281.3,287.41,280.01
6/2/21,937644,280.84,279.67,284,278.35
6/3/21,1468631,276.15,274.47,278.67,271.7
6/4/21,1138779,277.97,284.78,285.33,275.86
6/7/21,1431396,283.97,278.89,283.97,276.11
6/8/21,809026,281.99,278.66,283.39,278.26
6/9/21,1245794,280.99,275.5,280.99,275.21
6/10/21,1444299,275.31,277.5,280.11,274.34
6/11/21,985847,278.5,277.51,281.36,277.13
6/14/21,1177052,278.29,280.52,281.28,276.76
6/15/21,1151726,281.26,276.76,281.72,275.97
6/16/21,1207906,277,273.71,278.32,271.25
6/17/21,1894010,272.16,276.34,278.8,271.15
6/18/21,1627643,275.52,277.98,281.13,275.01
6/21/21,1189932,278.47,283.22,283.5,275.87
6/22/21,881097,283.46,286.07,286.41,282.79
6/23/21,922920,286.61,283.67,286.65,282.68
6/24/21,817291,286.71,286.96,289.1,285.88
6/25/21,1943454,288.86,288.74,289.9,285.6
6/28/21,994348,290.22,293.36,295,289.27
6/29/21,1146454,292.36,297.74,298.14,290.13
6/30/21,977848,296.67,291.9,296.87,290.93
7/1/21,757908,291.78,293.7,295.22,290.61
7/2/21,667429,295.03,297.74,298.31,295.03
7/6/21,1446369,298.19,295.6,301,294.12
7/7/21,999349,296.65,296.11,299.21,293.46
7/8/21,1180959,292.3,294.47,296.13,290.04
7/9/21,1027843,294.03,295.38,296.96,290.49
7/12/21,888471,297.62,291.93,298.7,290.31
7/13/21,1051144,292.44,296.42,297.22,290.93
7/14/21,1052458,298.5,297.1,300.73,296.14
7/15/21,839751,297.48,294.79,298,292.06
7/16/21,698216,296.78,293.33,297.63,293.08
7/19/21,1048069,289.58,287.31,290,284.42
7/20/21,1169646,287.9,296.12,298.64,285.92
7/21/21,867812,294.82,301.78,302.11,294.42
7/22/21,1083552,302.87,308.51,309.33,302.05
7/23/21,1066809,310.19,312.65,314.92,309.3
7/26/21,903724,312,313.62,313.96,309.81
7/27/21,1076592,314.04,308.25,314.37,304.31
7/28/21,1024553,309.41,313.13,314.09,306.07
7/29/21,1457481,313.68,320.5,322.68,312.68
7/30/21,1311526,318.3,321.13,321.73,317.01
8/2/21,914043,321.41,322.07,324.13,319.15
8/3/21,1043158,323.03,327.61,328.19,320.85
8/4/21,1341772,328,329.09,331.12,326.02
8/5/21,1342825,331.1,328.82,331.5,326.75
8/6/21,856913,327.46,332.77,334.06,326.67
8/9/21,763172,333.18,332.77,333.88,330.29
8/10/21,874896,332.85,331.28,335.67,328.77
8/11/21,1021187,332,328.64,333.57,325.35
8/12/21,884540,327.4,332.05,332.42,325.58
8/13/21,754468,333.94,332.78,334,330.25
8/16/21,924127,332.31,330.18,332.67,326.65
8/17/21,1086494,328.56,324.7,328.89,322.58
8/18/21,913826,323.57,323.52,326.06,322.23
8/19/21,1226383,322.7,330.35,332.37,322.46
8/20/21,860187,331.65,334.38,335.27,330.55
8/23/21,1253152,336,336.76,338.28,334.02
8/24/21,1032526,338.98,341.07,344.39,338.48
8/25/21,1502079,342.52,342.27,343.56,339.33
8/26/21,5486136,317.2,310.19,324,308.03
8/27/21,1840676,314.23,315.64,318.23,310.15
8/30/21,1411918,316.94,313.39,318.72,310.16
8/31/21,1567030,313.13,310.09,314.29,309.11
9/1/21,3085384,311.8,303.24,315.46,300.79
9/2/21,5475722,306.5,287.47,306.84,285.35
9/3/21,1819609,286.7,288.75,293,284.5
9/7/21,2177358,290.76,287.46,290.89,284.48
9/8/21,1504351,286.45,289.56,289.81,284.8
9/9/21,1444831,289.81,287.68,292.5,285.7
9/10/21,1565311,288.66,284.43,290.59,284.11
9/13/21,1518076,284.51,281.28,286.29,278.46
9/14/21,1278843,282.19,279.35,282.93,278.6
9/15/21,1430073,280.58,286.62,287.3,278.56
9/16/21,1433244,287.11,290.68,291.21,285.22
9/17/21,2113743,290.87,288.15,292.2,286.54
9/20/21,1168746,282.52,283.6,286.66,279.84
9/21/21,720011,285.72,283.19,286.17,282.09
9/22/21,1054836,283.88,286.42,288.78,283.66
9/23/21,1061674,287.86,292.16,293.32,287.4
9/24/21,1067759,290.5,294.67,295.34,290.5
9/27/21,1677529,294,294.06,295.29,289.34
9/28/21,1835859,288.64,287.85,291.59,283.75
9/29/21,1162959,290.42,287.99,292.88,286.9
9/30/21,1668489,290.33,285.17,292.57,284.96
10/1/21,1245767,283.8,284.06,286.51,279.79
10/4/21,1747790,282.87,272.93,283.99,271.09
10/5/21,953716,274.93,275.98,278.85,274.35
10/6/21,940627,272.95,277.42,278.66,271.75
10/7/21,909472,280.13,283.02,285.44,280.13
10/8/21,797433,284.05,278.94,284.36,278.73
10/11/21,681016,276.65,276.54,280.3,276.41
10/12/21,1117108,275.3,275.91,278.38,275.11
10/13/21,883052,278.67,283.45,284.48,278.67
10/14/21,799610,286.85,289.17,289.94,286.01
10/15/21,931739,290.81,291.19,291.88,289.35
10/18/21,766528,290.21,292.67,293.05,289.36
10/19/21,849496,294.54,296.69,297.55,292.34
10/20/21,915146,297.81,298.64,299.19,295.39
10/21/21,1099588,298.25,305.68,306.35,298.11
10/22/21,1162108,306,308.58,312.48,305.68
10/25/21,913496,308.69,311.79,313.45,307.27
10/26/21,980027,312.26,312.8,315,311.95
10/27/21,865660,313.37,308.51,314.98,307.53
10/28/21,932044,309.22,317.1,317.63,308.7
10/29/21,1061269,315.53,317.61,318.74,313.71
11/1/21,697802,318.5,315.01,319.74,313.18
11/2/21,993013,315.31,314.92,317.73,312.77
11/3/21,1409203,313.71,308.37,314.25,302.01
11/4/21,956821,308.86,318.97,319.72,308.38
11/5/21,1306682,320,324.52,325.64,319.62
11/8/21,911494,327.15,329.07,330.25,325.02
11/9/21,1110470,328.42,329.4,334.51,327.9
11/10/21,1148606,328.87,320.53,330.3,319.29
11/11/21,720409,323.08,325.21,327.79,322.03
11/12/21,709741,327.25,329.32,331.62,326.27
11/15/21,865474,330.74,326.39,332.46,325.09
11/16/21,1161694,326,333.64,334.2,325.24
11/17/21,1400979,334.8,330.55,335.48,328.54
11/18/21,1194939,330.96,322.18,331.77,320.98
11/19/21,1355448,325.58,322.52,327.14,321.64
11/22/21,1380055,324.14,310.48,325.21,310.45
11/23/21,2303369,308.98,304,310.7,297.73
11/24/21,10904560,262.88,256.9,268.35,245.05
11/26/21,2180855,258.18,254.17,260,252.62
11/29/21,3192413,257.21,261.15,266.43,254.02
11/30/21,3072708,261.74,254.19,263,252.49
12/1/21,2318592,260.86,249.68,265.32,249.41
12/2/21,2473667,252.74,257.66,258.54,250.81
12/3/21,2411587,259.61,259.02,263.49,253.05
12/6/21,2260147,259.53,265.56,267.84,254.16
12/7/21,2716540,270.59,276.7,278.55,267.28
12/8/21,1824796,277.39,276.29,278.64,273.48
12/9/21,1582951,275.48,267.67,280,267.52
12/10/21,1237366,271.02,269,274.23,267.68
12/13/21,1293221,267.89,268.88,273.63,265.59
12/14/21,1145889,262.84,263.22,268.79,260.95
12/15/21,2003760,262.68,271.73,272.07,262.67
12/16/21,1956029,273.4,269.61,277.53,268.44
12/17/21,2767817,269.75,277.65,279.7,267.84
12/20/21,1651616,270,275.12,276.82,268.04
12/21/21,1103764,278.94,280.42,282.12,272.99
12/22/21,979654,280.65,282.61,284.52,279
12/23/21,1079189,282.13,280.99,283.52,280.2
12/27/21,721705,282.95,284.3,285.38,281.26
12/28/21,681840,285,282.77,285.37,281.61
12/29/21,547754,282.77,282.57,283.39,279.26
12/30/21,696432,282.73,281.71,285.01,281.23
12/31/21,643351,281.71,281.19,283.93,280.34
1/3/22,1082824,280.73,283.72,284.96,275.66
1/4/22,1282923,283.15,278.19,284.87,273.04
1/5/22,1559929,276.51,264.32,278.07,263.81
1/6/22,1679507,261.94,264.11,266.07,259.94
1/7/22,1179033,262.5,262.32,266.64,258.49
1/10/22,1637519,256.54,262.39,262.73,250.6
1/11/22,1373111,260.47,270.63,271.99,260
1/12/22,1185002,271.26,269.6,274.95,265.29
1/13/22,1297867,271.81,260.17,273.31,259.59
1/14/22,1856713,258.08,259.1,261.37,251.14
1/18/22,1612957,253.9,252.03,257.99,251.2
1/19/22,1609723,253.88,254.35,259.5,252.84
1/20/22,1908635,258.9,252.41,262.49,252.14
1/21/22,2880179,250.22,239.19,250.61,238.82
1/24/22,3647023,234.25,245.35,246.29,229.62
1/25/22,2851310,240.02,233.78,240.94,230.93
1/26/22,1989175,237.1,233.28,242.55,230.86
1/27/22,1563526,235.61,228.66,239.75,228.07
1/28/22,1958880,229.61,239.54,239.78,226.4
1/31/22,1415922,239.71,249.79,249.91,239.29
2/1/22,1468529,250.89,249.77,250.96,244.56
2/2/22,1431845,250.93,248,252.34,245.86
2/3/22,1570151,242.45,237.76,245.84,236.81
2/4/22,1458394,235.52,241.24,244.65,235.51
2/7/22,1313280,242.54,240.48,245.42,239.47
2/8/22,1635750,240.19,241.1,242.26,237
2/9/22,1441681,244.35,251.34,251.42,244.2
2/10/22,2050066,242.68,238.52,248.03,236.49
2/11/22,1865129,239.77,227.13,241.08,226.61
2/14/22,1692476,227.66,226.9,231.33,223.81
2/15/22,1377926,229.94,233.38,234.41,227.69
2/16/22,1358047,232.73,233.74,234.82,227.27
2/17/22,2230374,231.3,223.39,231.79,222.19
2/18/22,2793031,224.49,216.84,228.11,216.19
2/22/22,3351834,216.5,215.65,219.79,215
2/23/22,2786338,217.74,209.02,218.9,208.74
2/24/22,4380635,204.13,218.18,218.34,199.63
2/25/22,2886056,218.18,219.62,226.71,212.73
2/28/22,1926729,218.19,220.23,221.63,216.46
3/1/22,1845939,220.94,214,222.62,213.3
3/2/22,1677230,216.34,216.51,218.16,209.52
3/3/22,1730045,219.45,210,219.45,208.56
3/4/22,1964126,209,207.66,212.35,206.52
3/7/22,1930463,207.9,199.09,209.69,199.02
3/8/22,1974045,197.7,195.95,202.57,192.34
3/9/22,1850028,202.71,204.88,207.76,200.98
3/10/22,1458925,199.88,199.79,203.07,198.04
3/11/22,1987062,198.26,192.31,200.63,192.11
3/14/22,2194051,192.31,188.7,194.17,186.29
3/15/22,1696804,190.36,192.43,193.72,188.99
3/16/22,2432019,195.97,204.5,204.63,195.36
3/17/22,2241423,204.05,211.65,212.22,202.37
3/18/22,2777338,210,213.3,215.31,209.85
3/21/22,1640988,211.73,212.38,213.84,208.06
3/22/22,1470872,211.98,216.66,218.87,211.02
3/23/22,2462943,213.76,207.34,214.97,206.33
3/24/22,2507738,208.9,213.05,213.08,204.58
3/25/22,1466517,213.26,212.14,214.74,207.76
3/28/22,1698238,212.87,215.41,216.09,211.45
3/29/22,1799337,219.55,223,223.45,217.96
3/30/22,1747200,218.62,221,223.81,218.28
3/31/22,1967732,219.42,214.35,221.71,214.19
4/1/22,1329121,215.62,213.04,217.23,210.56
4/4/22,1128459,213.88,218.77,220.41,213.75
4/5/22,1415837,218.16,211.55,218.58,210.68
4/6/22,1947035,207.23,203.94,208.98,202.58
4/7/22,1391952,202.43,204.77,206.86,201.52
4/8/22,1421051,201.94,202.25,205.47,198.2
4/11/22,1455325,198.41,199.03,202.09,197.65
4/12/22,1335963,203.4,196.14,206.23,195.24
4/13/22,1158898,196,201.74,202.19,195.34
4/14/22,1197184,202.97,196.73,203.17,196.22
4/18/22,1142329,195.09,196.54,198.7,193.64
4/19/22,1764238,194.35,203.8,205.74,194.35
4/20/22,1244473,205.86,201.92,207.05,201.72
4/21/22,1536956,204.92,195.13,209,193.98
4/22/22,1686900,194.57,187.31,195.62,187.07
4/25/22,1719060,186.65,191.15,191.54,185.55
4/26/22,1605992,189.33,185.59,190,183.84
4/27/22,1917807,185.59,180.47,189.68,180.19
4/28/22,2083668,185.25,195.84,198.04,184.95
4/29/22,1425848,193.71,189.28,196.6,188.76
5/2/22,1741613,189.23,192.9,193.28,186.76
5/3/22,1696148,192.36,193.22,194.16,188.89
5/4/22,2023743,193.7,203.75,204.1,191.58
5/5/22,3483851,203.78,198.39,204.79,195.61
5/6/22,2921609,196.39,193.77,197.65,187.11
5/9/22,3236848,189.33,186.32,191.91,185.03
5/10/22,2757018,193.3,186.41,194.32,181.17
5/11/22,2388426,183.51,180.68,191.83,179.75
5/12/22,2554330,177.48,185.05,186.64,175.41
5/13/22,1731426,187.12,197.07,197.5,186.56
5/16/22,1342905,194.45,192.58,196.38,191.66
5/17/22,1596082,197,195.64,198.99,189.54
5/18/22,1286941,192.09,187.98,193.95,186.4
5/19/22,1554511,187.4,193.72,196.82,186.28
5/20/22,2246121,196.21,191.41,197.97,185.58
5/23/22,3781199,182.95,183.51,184.88,173.9
5/24/22,2368295,181.48,179.55,182.93,176.43
5/25/22,1841764,180.12,186.53,187.66,178.6
5/26/22,2278042,187.38,191.63,193.56,185.42
5/27/22,2985286,204,211.38,211.85,201
5/31/22,3012779,209.69,207.75,210.03,204.06
6/1/22,1417784,210,207.38,212.79,205.79
6/2/22,1509854,207.22,214.09,214.24,206.73
6/3/22,1105402,210.08,208.37,210.85,206.31
6/6/22,835464,211.27,208.6,212.29,207.47
6/7/22,1249796,206.51,207.17,211.13,205.1
6/8/22,872935,206.32,203.73,207.59,203.35
6/9/22,975465,202.77,195.06,203.19,194.96
6/10/22,1722897,189.84,187.08,190.7,184.45
6/13/22,1914806,179.61,173.1,182.28,172.16
6/14/22,1591338,174.4,171.59,175.39,170.06
6/15/22,1911715,174.57,176.71,180.27,171.67
6/16/22,2104617,171.03,164.31,171.62,163.2
6/17/22,3324034,164.39,167.77,169.81,164.39
6/21/22,1465058,170.09,166.88,172.55,166.27
6/22/22,1705692,166.08,169.15,171.13,165.01
6/23/22,2636937,173.14,183.41,183.87,171.95
6/24/22,2814160,184.32,192.48,192.99,183.25
6/27/22,1814280,191.48,185.87,193.33,184.51
6/28/22,1561054,186.62,176.81,186.62,176.31
6/29/22,1305589,177.7,176.85,179.49,174.36
6/30/22,1707010,174.7,171.96,175.83,170.35
7/1/22,1203155,172.78,173.86,174.62,170.48
7/5/22,1833258,171.7,176.9,177.04,170.22
7/6/22,1027746,179.96,176.73,180.98,175.3
7/7/22,1091745,176.27,182.25,182.55,175.93
7/8/22,1197769,181.38,179.83,182.19,175.75
7/11/22,992782,177.84,176.72,179.45,174.07
7/12/22,1425826,177.43,172.33,181.36,171.8
7/13/22,1139128,167,170.95,171.68,166.94
7/14/22,1292532,170.76,170.96,171.9,167.21
7/15/22,1443776,174.36,176.21,177.11,172.6
7/18/22,2114109,178.34,177.22,179.5,175.61
7/19/22,1149876,180.85,184.76,185.06,178.95
7/20/22,1741736,186.31,196.38,197.07,185.53
7/21/22,1304645,196.2,199.1,199.85,195.32
7/22/22,1457698,199.19,195.95,203.55,194.48
7/25/22,1444982,194.76,195.71,196.06,192.54
7/26/22,1470666,196.34,193.07,196.92,192.17
7/27/22,1574274,196.58,203.41,204.67,194.88
7/28/22,1791873,203.3,212.16,212.62,203.22
7/29/22,1780190,211.89,216.32,217.65,211.21
8/1/22,1446952,212.01,218.14,218.34,211.88
8/2/22,1894059,214.36,216.18,217.87,213.29
8/3/22,1562486,216.64,218.44,220.35,215.99
8/4/22,1645437,218.76,221.94,222,216.16
8/5/22,1113414,216.46,221.7,223.12,216.14
8/8/22,811035,222.96,220.69,224.92,219.25
8/9/22,970164,218.79,218.14,219.19,215.12
8/10/22,1176918,225.15,226.32,227.58,224.11
8/11/22,1042773,228.34,227.26,232.28,226.33
8/12/22,957159,229.68,233.01,233.15,227.56
8/15/22,853167,232.38,234.04,234.96,231.92
8/16/22,892995,231.25,233.64,235.01,230.18
8/17/22,1028926,230.37,228.2,231.31,227.66
8/18/22,1043269,228.83,228.86,230.53,227.67
8/19/22,1064140,226.62,222.59,226.62,221.49
8/22/22,1240915,219.45,216.4,219.51,215.87
8/23/22,1075335,215.71,213.63,218.77,213.2
8/24/22,1758851,215.02,214.43,217.27,213.44
8/25/22,3236582,234.72,220.15,234.99,216.45
8/26/22,1876173,218.87,207.77,220.31,207.46
8/29/22,1162661,206.09,205.71,208.81,204.27
8/30/22,1347536,206.72,202.81,208.08,200.16
8/31/22,1236523,205.83,201.74,207,200.87
9/1/22,1257057,200.31,201.95,202.3,195.31
9/2/22,1097446,204.72,198.69,205.53,197.49
9/6/22,1334938,200.29,198.18,201.31,196.55
9/7/22,1325547,199.57,206.19,207.13,198.27
9/8/22,1805757,203.2,209.82,210.3,202.41
9/9/22,1097362,211.41,211.68,213.29,210.09
9/12/22,1275736,212.9,215.16,215.32,210.86
9/13/22,3041622,204.28,208.34,211.05,204.11
9/14/22,1787521,209.19,208.52,210.94,206
9/15/22,1630814,207,201.3,209.97,200.07
9/16/22,2234793,196,194.97,196.44,191.87
9/19/22,993586,193.03,196.89,196.96,191.93
9/20/22,850730,195.54,194.97,197.42,193.51
9/21/22,1199982,197.4,192.42,201.22,191.94
9/22/22,1154288,189.82,187.15,191.3,187.01
9/23/22,1101448,186.63,184.56,186.82,181.67
9/26/22,1063031,185.05,183.99,188.84,183.71
9/27/22,1604155,186.35,187.96,189.66,183.02
9/28/22,1562414,188.83,190.98,192.49,186.67
9/29/22,1375255,189.23,189.46,191.37,186.94
9/30/22,1341173,189.11,186.8,191.88,186.57
10/3/22,1628628,187.83,192.46,193.44,187.62
10/4/22,2118033,197.67,199.99,200.24,197.3
10/5/22,1995988,196.14,204.53,205.18,194.78
10/6/22,1791729,203.81,205.87,209.64,203.37
10/7/22,1261261,201.59,194.74,202.17,193.27
10/10/22,1305151,194.66,191.03,195.51,187.51
10/11/22,1468159,190.96,191.03,192.03,185.72
10/12/22,1523344,191.98,193.64,194.72,190.75
10/13/22,1669996,186.59,193.85,195.24,182.3
10/14/22,1212717,197.46,189.81,197.91,189.56
10/17/22,1281448,196.33,198.7,200.62,196.2
10/18/22,1494011,204.68,200.7,206.24,197.38
10/19/22,767182,197.4,197.02,200.36,196.02
10/20/22,743089,197.96,197.83,203.6,196.85
10/21/22,1053641,197.51,201.39,202.21,193.73
10/24/22,1050785,202.9,207.09,208.22,198.52
10/25/22,1237436,209.5,215.72,216.01,208.92
10/26/22,1180114,213.33,214.56,219.62,211.01
10/27/22,1625014,216.19,210.15,217.34,209.58
10/28/22,1051916,211.42,216.39,216.99,208.59
10/31/22,965042,214.76,214.3,216.29,214
11/1/22,1105468,216.71,214.05,218.53,212.25
11/2/22,2115920,214.41,199.38,214.41,199.12
11/3/22,1939805,197.35,194.22,200.63,194
11/4/22,2641330,196,193.69,196.37,189.69
11/7/22,2247220,195.12,194.88,196.85,192.67
11/8/22,1377550,196,199.01,203.88,194
11/9/22,1206290,196.35,194.61,197.92,194.04
11/10/22,1946872,208.27,222.96,223.37,207.95
11/11/22,1870089,222.5,228.8,232.44,221.4
11/14/22,1518903,225.63,223.31,226.64,221.08
11/15/22,1930360,231.2,232.3,233.69,229.89
11/16/22,2290684,230.49,221.14,231.23,219.82
11/17/22,1660565,215.86,214.68,218.09,212.73
11/18/22,1588320,219.23,210.37,219.23,209.65
11/21/22,1793680,208.4,206.5,209.16,205.92
11/22/22,2548731,206.5,208.9,209.64,202.88
11/23/22,6274813,190.75,197.07,199.67,188.01
11/25/22,1318187,196.79,200.66,200.96,196.25
11/28/22,1624583,199.84,195.35,202.98,194.79
11/29/22,1473806,195.4,195.18,196.53,190.96
11/30/22,4608918,195.32,201.95,202.81,193.93
12/1/22,1649510,202.37,206.93,208.7,202.12
12/2/22,1323643,200.9,201.11,204.06,200.19
12/5/22,1546987,198.78,198.39,199.47,195.27
12/6/22,1132305,197.33,194.61,197.79,191.81
12/7/22,1281401,194.61,193.34,196.87,191.83
12/8/22,1370334,194.28,196.63,197.9,192.7
12/9/22,1030995,195.77,194.31,197.27,193.84
12/12/22,1344369,193.27,199.88,199.98,193.14
12/13/22,1535445,210.88,203.02,211.83,201.49
12/14/22,1404451,203.41,200.06,206.77,199.05
12/15/22,1808152,195.8,194.11,197.5,192.22
12/16/22,2292777,192.73,192.4,195.12,189.84
12/19/22,1281239,192.72,188.54,192.72,188.15
12/20/22,949401,186.28,187.92,189.78,185.51
12/21/22,1177346,188.67,192.23,193.38,186.28
12/22/22,1999472,189.31,188.1,190.11,185.85
12/23/22,941108,186.36,188.16,188.8,185.76
12/27/22,914110,188.07,186.29,188.07,185.3
12/28/22,1172072,184.49,181.9,187.41,181.59
12/29/22,988621,183.47,188.12,189.28,182.85
12/30/22,1057518,184.78,186.87,186.94,183.07
1/3/23,1181561,190.62,185.15,192.96,183
1/4/23,1069612,187.89,187.96,190.71,186
1/5/23,1488597,186.05,182.07,186.32,180.38
1/6/23,1294661,184.23,187.19,188.6,179.61
1/9/23,1400843,190.52,192.47,199.09,190.48
1/10/23,1126835,190.23,193.43,194.3,190.23
1/11/23,1144083,195.36,199.93,200.28,194.06
1/12/23,1247128,199.58,199.96,201.8,197.09
1/13/23,961029,197.06,200.59,201.04,197.06
1/17/23,1194526,200.14,200.7,202.61,199.46
1/18/23,1117892,201.38,198.02,205.47,197.67
1/19/23,987372,195.68,196.05,199.25,195.65
1/20/23,1248440,198.24,205.9,206.73,198.2
1/23/23,1079305,206.06,211.29,211.63,205.1
1/24/23,908375,209.31,206.43,210.61,204.84
1/25/23,1273353,202,202.5,203.81,198.01
1/26/23,876704,206.27,208.46,209.24,205.77
1/27/23,1284604,206.33,210.88,212.5,206
1/30/23,1122141,207.07,209.12,210.6,206.8
1/31/23,1633328,210.33,215.16,215.55,208.89
2/1/23,1313864,213.89,222.19,223.99,212.98
2/2/23,1827448,226.43,228.22,232.15,225.81
2/3/23,1199604,221.68,223.66,227.49,221
2/6/23,1174762,219.02,218.34,220.53,216.94
2/7/23,1021873,217.85,223.65,224.01,215.68
2/8/23,1024159,223.86,221.32,225.95,220.94
2/9/23,1581913,224.42,224.65,229.43,222.76
2/10/23,1096466,220.94,222.8,224.84,219.84
2/13/23,1021244,223.38,224,225.96,222.85
2/14/23,1373122,223.37,228.04,229.33,222.08
2/15/23,926883,226.48,229.28,229.32,225.39
2/16/23,825508,223.75,222.13,225.39,221.18
2/17/23,1194063,219.39,219.98,221.24,216.5
2/21/23,1277456,215.72,215.55,218.43,214.31
2/22/23,1464950,215.71,216.7,218.46,215.31
2/23/23,2070894,218.06,221.16,221.55,216.12
2/24/23,4971474,203.19,192.53,205.11,191.44
2/27/23,2251820,195,196.68,200,194.08
2/28/23,1896134,195.11,198.69,201.67,195.11
3/1/23,1300281,199.48,196.38,200.13,195.18
3/2/23,1523395,195.69,201.13,201.97,195.53
3/3/23,1790020,201.75,207.46,208.12,201.75
3/6/23,1299111,208,208.33,211.12,206.97
3/7/23,1209793,209,205.48,211.51,205.07
3/8/23,1012349,205.84,204.51,207.58,203.07
3/9/23,1439980,205.71,200.49,208.75,199.9
3/10/23,1341669,201.11,194.02,201.37,193.12
3/13/23,1905462,193.33,197.87,200.3,191.04
3/14/23,1792456,200.07,199.22,202.5,196.35
3/15/23,1857243,196.17,195.79,197.42,193.16
3/16/23,1463042,196.18,200.59,202.15,195.23
3/17/23,2216175,199.3,199.11,202.71,196.9
3/20/23,1577406,200.31,200.42,202.89,198.24
3/21/23,1785734,202,207.15,208.62,201.58
3/22/23,1718944,206.44,198.38,207.28,198.34
3/23/23,1549866,200.92,201.14,204.67,199.11
3/24/23,1403772,201.07,200.22,202.97,198.16
3/27/23,1580664,201.55,198.75,202.82,197.26
3/28/23,1463052,196.75,197.27,197.82,195.13
3/29/23,1206710,199.61,199.16,199.94,197.62
3/30/23,1072943,201.07,201.61,202.82,200.12
3/31/23,1871244,202.78,208.16,208.38,202.01
4/3/23,1472599,205.09,207.58,207.86,204.34
4/4/23,1300693,209,203.32,210.89,202.13
4/5/23,1517958,201.62,197.55,202.37,195.93
4/6/23,1174501,196.89,197.34,198.32,194.62
4/10/23,1075124,195,198.14,198.53,193.29
4/11/23,993206,197.39,197.78,198.73,195.7
4/12/23,1818765,200.82,193.16,201.18,192.76
4/13/23,1685539,194.88,196.31,196.93,194.14
4/14/23,1478810,195.96,194.66,199.39,192.88
4/17/23,1343555,196.64,197.09,200.08,195.35
4/18/23,1013252,199.8,197.45,200.82,196.35
4/19/23,932199,195.55,196.56,196.94,193.67
4/20/23,1194141,194.51,194.64,196.84,193.74
4/21/23,891677,194.41,194.09,195.16,192.27
4/24/23,999946,193.81,195.84,196.23,192.62
4/25/23,1115003,193.82,190.21,194.15,190.13
4/26/23,1062053,191.19,189.9,192.4,189.2
4/27/23,1513156,192.35,190.11,192.62,188.38
4/28/23,1138741,189.42,194.79,194.9,188.45
5/1/23,917116,194.79,196.47,197.31,193.27
5/2/23,1421668,196.56,192.42,197.03,191.78
5/3/23,972483,193.58,193.7,197.45,193.38
5/4/23,855873,194.57,193.03,195.38,191.77
5/5/23,1281158,193.98,194.94,196.5,192.9
5/8/23,1045616,193.47,191.99,194.7,189.54
5/9/23,959660,191.53,192.73,194.52,190.95
5/10/23,1437624,196.08,196.32,197.46,193.23
5/11/23,731421,196.12,193.1,196.82,192.29
5/12/23,948824,193.64,194.45,194.9,192.67
5/15/23,834985,193.73,196.91,197.01,191.26
5/16/23,1059901,196.18,193.25,197.42,193.19
5/17/23,1212761,195.06,198.46,199.09,193.14
5/18/23,1591411,198.5,204.84,205,198.42
5/19/23,1522381,204,200.89,204.25,199.25
5/22/23,1058828,201.48,203.49,204.23,199.62
5/23/23,1696295,199.27,196.64,201.83,196.51
5/24/23,1757073,193.94,196.75,198.02,192.5
5/25/23,2487101,197.84,197.56,199.51,195.67
5/26/23,2839338,200.77,198.9,202.5,193.19
5/30/23,1776300,202.2,195.04,202.88,192.98
5/31/23,3895651,195.46,199.39,200.86,194.82
6/1/23,1549153,199.21,203.3,205.39,197.05
6/2/23,1385518,205.31,204.24,208.48,203
6/5/23,1341524,203.93,208.43,208.91,202.72
6/6/23,926759,209.24,208.01,209.92,207.18
6/7/23,1329798,208.25,201.16,208.47,200.33
6/8/23,1043064,201.13,200.16,201.78,198.41
6/9/23,1348437,200.65,201.39,203.35,198.01
6/12/23,1511252,202.91,208.1,208.24,202.89
6/13/23,1799685,208.62,213.29,213.55,207.37
6/14/23,1933448,212.85,213.55,214.9,209.66
6/15/23,2128058,211.41,221.43,222.15,211.39
6/16/23,3289117,223.64,213.5,223.64,212.36
6/20/23,1730962,211.63,211.99,214.03,209.27
6/21/23,1711811,210,207.98,212.12,207.69
6/22/23,1889658,207.05,206.7,207.85,205.04
6/23/23,1538921,202.86,202,203.19,200.25
6/26/23,1286892,201.14,200.78,204.44,199.64
6/27/23,1556773,201.76,206.85,207.25,201.05
6/28/23,1194450,206.15,206.3,208.36,203.91
6/29/23,1104264,207.02,206.18,210.5,205.36
6/30/23,2094783,207.42,204.61,207.76,203.75
7/3/23,818809,203,203.7,205.19,202.11
7/5/23,1688592,202.41,203.85,203.97,200.51
7/6/23,1685677,200,201.05,201.19,197.52
7/7/23,1176641,200.4,201.57,203.95,200.4
7/10/23,1097568,201,207.33,208.07,201
7/11/23,1183468,207.59,212.05,212.66,206.88
7/12/23,1469792,216.67,215.32,218.02,214.92
7/13/23,1012037,217.98,216.59,218.84,216.52
7/14/23,1189546,215.95,214.14,216.07,210.5
7/17/23,1428654,213.49,213.73,216.12,212.7
7/18/23,1754827,212.57,217.24,217.92,212.41
7/19/23,1869362,217.97,219.07,222.63,216.84
7/20/23,1163264,217.14,210.97,218.53,210.66
7/21/23,4587883,213.11,209.9,214.91,209.25
7/24/23,1508113,210.82,210.53,212.2,207.58
7/25/23,850419,211,210.76,212.64,210.5
7/26/23,1094987,208.63,212.75,213.68,208.23
7/27/23,1901944,216,209.46,220.25,208.45
7/28/23,1480020,213.02,209.79,215.29,208.32
7/31/23,1302045,210.83,211.99,212.18,209.12
8/1/23,757473,211.17,212.45,213.25,209
8/2/23,1386731,209.45,206.78,209.83,203.68
8/3/23,1427307,203.97,202.62,206.05,202.33
8/4/23,1017645,204.91,201.57,204.91,200.54
8/7/23,849294,202.52,203.72,204.32,201.54
8/8/23,1227041,200.9,203.23,203.96,198.86
8/9/23,1949501,203.7,204.77,206.72,203.25
8/10/23,1660341,208.33,208.06,210.86,206.09
8/11/23,1167942,205.75,207.96,209,205.6
8/14/23,1096438,206.89,211.48,211.93,206.89
8/15/23,1289758,209.91,209.53,211.79,208.81
8/16/23,1517334,208.84,203.65,210.04,203.57
8/17/23,1526134,203.96,198.7,204.1,198.46
8/18/23,975740,196.5,199.68,200.53,195.29
8/21/23,951292,200.4,202.02,202.92,199.74
8/22/23,1041486,202.34,200.58,202.81,200
8/23/23,1697452,202.25,204.36,205.81,201.97
8/24/23,2648308,215.5,208.6,216.75,208.14
8/25/23,1933948,209.85,215.92,216.8,209.49
8/28/23,1098101,217.23,217.09,218.41,216.08
8/29/23,1151892,217,219.4,219.57,215.7
8/30/23,1331254,219.4,221.55,223.45,218.48
8/31/23,1729194,221.74,221.94,224.26,220.89
9/1/23,1160668,224.07,220.02,224.13,218.45
9/5/23,1189803,218.09,219.46,220.79,216.59
9/6/23,1709732,219.08,222.2,222.69,218.15
9/7/23,1288221,221.14,221.01,221.62,218.18
9/8/23,1002278,220.56,219.19,221.92,217.86
9/11/23,838785,219.49,218.74,220.43,217.5
9/12/23,1574632,215.13,211.8,217.07,211.25
9/13/23,1095003,212.2,212.26,213.83,210.57
9/14/23,1137169,213.34,216.67,217.2,211.6
9/15/23,1944419,216.67,213.35,217.36,212.81
9/18/23,880353,212.44,213.52,214.21,212.19
9/19/23,1145975,212.13,212.06,212.6,209.07
9/20/23,1230385,213.12,207.73,213.43,207.61
9/21/23,1425177,206.78,204.06,207.11,203.2
9/22/23,1122774,204.55,204.04,206.28,203.79
9/25/23,1141960,203.01,205.67,205.7,202
9/26/23,1544613,204.05,201.66,204.58,200.26
9/27/23,1064977,202.06,202.28,203.64,200.09
9/28/23,1466278,202.28,207.89,208.57,201.95
9/29/23,1073911,209.71,206.91,210.99,206.58
10/2/23,855181,206.06,208.99,209.42,205.54
10/3/23,1103078,207.89,203.28,209.05,201.21
10/4/23,892695,204.28,207.06,207.62,204.05
10/5/23,958648,206.23,203.96,206.46,200.41
10/6/23,1238096,202.08,210.04,211.28,201.33
10/9/23,766007,208.1,210.56,211.05,206.61
10/10/23,914161,211.15,212.47,214.91,210
10/11/23,965508,214.1,213.2,215.18,211.63
10/12/23,1207221,213.83,212.77,215,211.12
10/13/23,1313947,212.83,209.47,213.75,208.63
10/16/23,786398,211.02,211.78,213.97,210.1
10/17/23,1004247,209.32,213.99,215.44,208.23
10/18/23,1307659,211.35,209.64,212.09,209.07
10/19/23,1383567,210.33,206.07,210.93,205.2
10/20/23,1060682,206.25,202.69,206.72,201.34
10/23/23,1012616,201.62,199.72,203.17,198.82
10/24/23,998821,201.82,205.04,205.71,201.47
10/25/23,1155829,203.15,200.21,204.41,199.82
10/26/23,1944204,201,196.12,202.42,192.92
10/27/23,1157419,196.25,195.15,197.11,192.88
10/30/23,1084430,196.08,197.79,198.67,194.62
10/31/23,1057757,198.29,197.63,198.63,195.32
11/1/23,1066735,198.12,198.93,199.46,195.94
11/2/23,1939964,199.51,199.24,200.28,192.01
11/3/23,1354669,200.74,203.98,205.35,200.28
11/6/23,1005558,203.17,201.99,203.33,199.84
11/7/23,910266,204.02,205.31,206.75,202.79
11/8/23,745318,206.16,206.93,207.92,205.36
11/9/23,844795,208.02,204.68,208.88,204.4
11/10/23,1014854,205.26,210.58,211.05,203.72
11/13/23,1055691,209.26,210.1,211.97,208.42
11/14/23,1155581,214.54,217.36,218.07,213.97
11/15/23,1031468,217.21,216.11,218.26,215.52
11/16/23,1130496,216.1,215.02,217.5,213.89
11/17/23,1131110,215.3,217.33,217.54,214.33
11/20/23,1522678,217.49,219.7,221.97,217.18
11/21/23,2109770,219,217.67,221.99,216.63
11/22/23,4288913,201.25,202.66,208.55,200.05
11/24/23,912476,202.66,203.42,203.57,201.11
11/27/23,1441400,202.21,202.26,203.02,200.85
11/28/23,1573209,201.8,207.37,207.65,201.8
11/29/23,2799538,210.03,213.85,217.39,210.03
11/30/23,3073674,215.22,218.43,218.78,212.7
12/1/23,1977263,218.27,224.93,225.26,217
12/4/23,1747101,222.94,221.31,224.28,217.96
12/5/23,1386581,220.01,220.45,220.84,216.79
12/6/23,1463005,221.71,219.55,221.97,218.58
12/7/23,1330421,220,223.84,224.46,219.05
12/8/23,1073730,222.07,224.01,225.31,221.9
12/11/23,1486994,224.51,226.09,228.28,224.51
12/12/23,1369313,224.83,227.94,228.95,224.25
12/13/23,2051452,228.99,234.91,235,227.9
12/14/23,3303631,235.36,240.81,242.64,235.26
12/15/23,3179508,241.35,242.29,243.17,238.89
12/18/23,1764866,240.79,239.14,242.47,236.35
12/19/23,1528715,239.65,238.16,240.8,237.75
12/20/23,1353566,237.33,236.71,241.56,235.72
12/21/23,1024336,240.65,241.89,242.65,239.06
12/22/23,719925,243.74,242.76,244.03,240.31
12/26/23,595012,242.49,245.07,245.36,241.96
12/27/23,771953,245.36,245.11,245.88,244.38
12/28/23,537238,245.63,244.91,245.85,244.02
12/29/23,721532,243.72,243.48,245.4,242.79
1/2/24,1443500,240.79,234.12,241.2,232.22
1/3/24,1278943,231.71,227.19,231.71,227.04
1/4/24,1552829,227.19,228.92,229.57,225.45
1/5/24,1138296,228.77,229.52,231.86,228.41
1/8/24,1447519,231,235.45,235.95,230.78
1/9/24,878484,233.5,235.96,236.68,232.63
1/10/24,964952,236.19,238.82,239.18,235.77
1/11/24,1035448,239.53,240.65,241.02,237.34
1/12/24,1012639,242.47,242.44,243.34,239.83
1/16/24,1364804,240.28,241.5,242.68,240.13
1/17/24,1330398,239.66,238.47,240.44,235.96
1/18/24,1042706,238.35,241.18,241.94,237.85
1/19/24,1205727,242.37,248.64,249.05,241.73
1/22/24,1441025,250,250.79,252.81,249.81
1/23/24,1030074,251.18,252.78,253.24,249.31
1/24/24,1174455,255,252.66,256.48,252.5
1/25/24,1116062,255.62,251.75,255.8,250.53
1/26/24,940236,252.4,253.07,254.29,250.86
1/29/24,937343,253.05,257.23,257.63,252.69
1/30/24,1204411,255.63,256.47,257.56,255.04
1/31/24,2017382,255.02,253.81,256.93,251.73
2/1/24,1214059,253.48,255.07,255.77,251.37
2/2/24,1592890,254.5,256.45,259.25,254.05
2/5/24,1336118,255.84,252.81,256.42,251.74
2/6/24,865174,254.07,253.98,254.91,252.7
2/7/24,1125207,256.81,258.43,261,255.19
2/8/24,771127,258.08,261.51,262.92,258.02
2/9/24,1828625,262.85,266.68,269.53,262.85
2/12/24,1055527,265.91,262.04,267.31,261.51
2/13/24,1341584,254.14,256.76,258.73,252.75
2/14/24,925541,259.41,262.17,263.03,259.13
2/15/24,724512,264.74,261.25,264.94,259.59
2/16/24,1369454,261,258.3,261.44,257.2
2/20/24,1277518,256.33,255.26,256.7,251.66
2/21/24,742306,252,252.52,252.68,249.13
2/22/24,1077877,258.65,256.98,260.33,255.77
2/23/24,821491,259.25,257.2,260,256.85
2/26/24,987824,257.84,257.35,259.14,256.14
2/27/24,951007,258.5,256.95,258.6,255.96
2/28/24,1702995,254.8,255.25,258.84,254.66
2/29/24,3331660,256.35,258.17,258.99,255
3/1/24,3854244,275,264.74,279.53,258.6
3/4/24,1945028,263.01,260.7,263.85,259.66
3/5/24,1850322,257.35,247.29,257.51,246.17
3/6/24,1008050,248.15,251.1,252.23,248.15
3/7/24,1381047,252.89,253.84,256.09,250.89
3/8/24,881719,253.77,251.86,256.03,251.69
3/11/24,1469357,252.31,258.26,259.11,251.38
3/12/24,1437911,258.85,262.78,264.09,258.39
3/13/24,1134330,262.91,258.7,264.08,258.51
3/14/24,1227778,258.56,258.53,259.47,254.38
3/15/24,3010936,256.66,254.24,258.04,253.13
3/18/24,906396,256.18,255.18,259.48,254.9
3/19/24,857664,253.05,256.19,257.24,251.37
3/20/24,1260051,257.35,262.43,262.83,256.73
3/21/24,1693437,265,265.75,268.9,263.9
3/22/24,893034,265.11,262.86,267.04,262.73
3/25/24,1076582,260.59,261.57,262.82,258.33
3/26/24,939860,262.02,261.67,264.63,261.51
3/27/24,992342,260.59,260.97,262.3,258.03
3/28/24,896092,261.31,260.42,262.95,259.74
4/1/24,791578,259.9,259.44,260.75,256.39
4/2/24,1692080,249.55,248.71,252.76,247.19
4/3/24,1326077,247.59,246.38,250.85,245.5
4/4/24,1437758,248.54,244.81,252.68,243.73
4/5/24,1330014,246,244.74,248.28,244.07
4/8/24,1273523,244.76,245.89,247.15,244.39
4/9/24,840676,246.86,247.93,248.45,244.6
4/10/24,1285050,243.59,239.01,244.2,238.1
4/11/24,1171342,239.06,241.06,242.56,237.54
4/12/24,1617057,236.58,236.98,238,234.05
4/15/24,1385762,239.95,229.62,239.95,228.91
4/16/24,2120161,230.4,228.24,230.43,227.57
4/17/24,6357444,212.77,214.92,219.5,207.43
4/18/24,4609060,214.56,210.63,214.76,206.23
4/19/24,3157485,211.55,216.5,216.84,210.2
4/22/24,1776476,218.7,217.13,219.27,214.33
4/23/24,1504576,217.13,217.93,219.35,217.13
4/24/24,2628238,217.35,215,218.62,214.15
4/25/24,2211585,214.33,216.4,216.8,213.54
4/26/24,1277888,215.77,217.93,219.36,215.5
4/29/24,1437021,218.38,216.78,219.09,214.49
4/30/24,1427716,216.45,212.85,217.64,212.75
5/1/24,1687750,211,210.71,216,209.08
5/2/24,1589246,211.85,209.95,212.4,208.8
5/3/24,1197081,214.37,215.19,217.35,214.14
5/6/24,1343774,215.52,216.7,217.2,214.49
5/7/24,1860058,216.38,214.62,216.74,213.45
5/8/24,1189663,213.75,213.95,214.68,213
5/9/24,1487020,214.8,218.63,218.73,213.66
5/10/24,1032861,219.43,217.77,220.73,216.61
5/13/24,1465619,219.79,216.65,219.98,216.13
5/14/24,1883340,215.76,215.83,217.06,214.74
5/15/24,1251171,219.13,220.24,221.65,217.72
5/16/24,1405406,219.95,220.43,221.26,218.43
5/17/24,1568015,220.89,221.21,221.31,219.21
5/20/24,1046066,221.4,221.4,221.98,219.84
5/21/24,898270,219.35,220.28,220.6,218
5/22/24,1214293,220.51,219.96,221.83,219.46
5/23/24,1759341,221.07,215.16,221.2,214.52
5/24/24,1496728,212.3,214.89,216.52,209
5/28/24,1845428,213.63,210.45,213.63,209.75
5/29/24,2968993,207.66,208.51,210.12,206.72
5/30/24,4026509,207.1,199.93,207.1,199.55
5/31/24,4174758,199.17,201.6,201.82,195.32
6/3/24,8148968,219.59,210.82,222.21,208.34
6/4/24,3179068,211,212,214.07,208.84
6/5/24,2465964,213.69,216.28,218.27,212.98
6/6/24,2064754,216.99,215.87,219.38,215.11
6/7/24,2411227,215.94,216.05,216.72,215.09
6/10/24,1901681,213.69,218.2,218.64,213.69
6/11/24,3714933,211,211.5,215.29,205.86
6/12/24,4046789,219.44,223.02,223.29,214.51
6/13/24,2520181,221.79,223.1,224.53,221.04
6/14/24,2562973,224.39,225.87,227.08,222.37
6/17/24,5019817,235,240.51,242.82,230.6
6/18/24,3377136,240.51,244.12,245.74,240.51
6/20/24,2763225,243.56,243.51,244.61,240.9
6/21/24,5677377,244.3,242.31,244.32,237.65
6/24/24,2799030,239.67,239.17,241.84,239
6/25/24,2760667,240.89,242.53,243.07,240.12
6/26/24,1717459,240.49,243.28,245.35,240.49
6/27/24,1239495,243.45,243.68,246.55,242.4
6/28/24,2851358,243.04,247.45,248.2,243.04
7/1/24,1172639,248.62,245.83,249,242.28
7/2/24,1062737,245.84,247.86,248.95,245.77
7/3/24,907920,248.17,246.3,248.31,245.48
7/5/24,1344912,246.27,247.87,248.71,245.77
7/8/24,1230197,246.1,247.96,249.33,245.4
7/9/24,1709432,243.17,243.96,245.99,241.18
7/10/24,1666348,243.68,247.05,247.33,241.42
7/11/24,1268348,247.82,248.77,252.63,247.82
7/12/24,1130333,249.12,253.45,255.55,248.63
7/15/24,870302,253.33,253.17,255.47,252.11
7/16/24,835911,254.8,253.82,256.05,252.34
7/17/24,1239686,248.5,250.18,253,248.08
7/18/24,1399128,249.68,242.81,249.68,240.64
7/19/24,1120472,242.95,242.45,243.54,239.62
7/22/24,712528,245.48,245.26,245.79,242.9
7/23/24,693924,244.96,246.23,247.31,244.63
7/24/24,1510935,244.59,239.45,245.23,239.01
7/25/24,1680251,240.17,242.23,245.65,239.66
7/26/24,1267132,243.8,240.86,245.34,239.99
7/29/24,723502,242.55,242.58,244.03,240.35
7/30/24,1141886,244.19,243.34,245.63,240.06
7/31/24,1289105,246.4,247.52,250.75,243.54
8/1/24,1299610,247.09,241.78,248.61,238.57
8/2/24,2812417,236.67,231.37,238,230.65
8/5/24,2341177,226.7,225.72,228.25,223.03
8/6/24,2183782,230.44,234.23,236.49,229.32
8/7/24,875724,236.56,232.57,240.03,232.36
8/8/24,911309,236.17,239.29,239.4,233.43
8/9/24,876398,238.16,240.44,242.28,237.84
8/12/24,1000099,240.17,239.57,241.75,238.01
8/13/24,1088042,242.1,244.61,245.59,241.6
8/14/24,790843,244.61,246.22,246.94,243.79
8/15/24,933858,248.18,250.21,250.5,247.22
8/16/24,1075389,248.39,248.23,249.28,246.33
8/19/24,1050162,248.5,251.11,251.44,248
8/20/24,871431,250.77,250.13,251.89,249.78
8/21/24,1055977,250.31,252.06,252.93,250.01
8/22/24,796927,253,249.91,253.22,249.58
8/23/24,1413872,254.32,255.26,255.79,251.85
8/26/24,979760,256.93,256.21,258.82,255.82
8/27/24,1059130,256,256.99,258.49,255.51
8/28/24,1220811,256.01,254.62,256.98,252.58
8/29/24,2225475,257.22,258.23,261.82,256.62
8/30/24,4054902,270,258.4,275.68,258.03
9/3/24,2026711,261.77,257.83,267.83,256.83
9/4/24,1472541,256.56,255.79,259.42,255.37
9/5/24,2392723,257.02,251.77,257.02,249.86
9/6/24,1487904,252.7,250.37,255,249.61
9/9/24,1497390,251.62,255.67,256.05,251.55
9/10/24,1895842,256.18,257.61,257.85,252.23
9/11/24,2148442,255.63,258.98,259.67,251.94
9/12/24,1216673,259.13,259.47,260.63,256.61
9/13/24,1468637,260.59,263.96,264.55,260
9/16/24,1410404,265.5,267.73,269,265
9/17/24,950014,268.09,266.89,270.25,266.49
9/18/24,1155962,267.97,264.21,267.97,263.57
9/19/24,1911477,270.25,269.76,272.34,267.79
9/20/24,2551359,270.58,267.29,272.72,266.5
9/23/24,2070572,269.23,268.46,269.38,266.92
9/24/24,870049,267.94,269.65,270.12,266.62
9/25/24,1174516,268.95,268,270.74,267.57
9/26/24,1108009,271.13,273.36,273.49,269.73
9/27/24,614886,273.36,271.9,274.5,271
9/30/24,1109835,274.84,275.48,275.85,272.06
10/1/24,1043974,274.61,267.47,275,266.55
10/2/24,827262,267.92,270.17,271.99,267.44
10/3/24,740033,267.55,268.59,270.57,267.55
10/4/24,846556,272.86,271.16,273.85,267.49
10/7/24,757318,268.32,267.23,270.24,266.02
10/8/24,1412998,268.19,275.08,276.26,267.51
10/9/24,782074,274.93,276.88,277.66,274.08
10/10/24,849171,275,277.71,277.91,275
10/11/24,1332319,277.49,281.67,282.54,277.48
10/14/24,1264083,283.15,285.31,286.43,281.25
10/15/24,1602388,285.31,286.48,287.96,285.29
10/16/24,1364344,288.18,289.19,289.36,284.9
10/17/24,1808725,290.44,290.57,292.88,289.13
10/18/24,1511702,290.57,292.99,294.13,290
10/21/24,1254454,291.36,289.78,293.75,288.8
10/22/24,1012736,287.54,288.48,290.53,286.25
10/23/24,1209119,287.12,286.3,287.59,283.93
10/24/24,1238311,288.55,285.77,289.17,285.51
10/25/24,973419,287.72,286.04,289,285.04
10/28/24,1016697,286.34,286.52,288.64,286.34
10/29/24,886987,286.32,289.66,290.2,284.49
10/30/24,751563,288.18,288.82,291.21,287.93
10/31/24,1488039,287.8,283.8,288.47,283.42
11/1/24,1047852,282.83,286.57,289.26,281.61
11/4/24,896358,287.19,287.62,289.76,285.32
11/5/24,1009401,288.84,291.79,293.06,287
11/6/24,2258401,299,302.33,305.49,297.91
11/7/24,1057217,302.95,305.51,306.23,301.05
11/8/24,968605,306.26,305.56,307.17,305.02
11/11/24,1557009,305.46,313.89,314.7,304.64
11/12/24,1748774,311.22,309.73,314.01,304.75
11/13/24,1273488,308.63,313.14,315.73,307.91
11/14/24,1545643,310.23,306.65,312.88,305.98
11/15/24,2300222,305.06,299.15,305.08,297.12
11/18/24,920116,299.36,302.05,303.01,297
11/19/24,1348276,298.13,305.2,306.4,298.02
11/20/24,1442321,305.93,307.84,308.38,303.15
11/21/24,1602211,310,315.41,317.45,308.25
11/22/24,1905591,315.96,321.27,321.9,315.04
11/25/24,2967370,324.53,319.39,326.62,318.69
11/26/24,2519923,320.79,317.96,320.99,316.54
11/27/24,3442326,293.2,290.64,301.47,289.65
11/29/24,1317760,289.03,291.9,292.62,289.03
12/2/24,2073018,291.74,296.65,297.94,291.44
12/3/24,1944513,294.14,298.96,301.59,293.5
12/4/24,1528707,302.72,304.23,304.97,299.89
12/5/24,1378778,302.53,305.17,307.25,301.32
12/6/24,1377635,305.92,307.71,309.43,305.56
12/9/24,1599948,308,308.55,311.51,305.72
12/10/24,1110152,306.16,303.99,307.8,303.63
12/11/24,1261847,305.37,307.46,310.9,304.76
12/12/24,998087,305.42,309.34,310.29,304.49
12/13/24,1131021,308.13,303.77,308.36,302.95
12/16/24,1186216,303.93,304.89,307.14,302.37
12/17/24,1781589,302.63,302.82,303.4,299.47
12/18/24,1845067,303.71,292.83,304.07,291.47
12/19/24,1381222,293.65,293.63,297.82,290.94